-- phpMyAdmin SQL Dump
-- version 4.7.7
-- https://www.phpmyadmin.net/
--
-- Host: localhost:3306
-- Generation Time: Jan 05, 2019 at 11:59 PM
-- Server version: 5.6.39-cll-lve
-- PHP Version: 5.6.30

SET SQL_MODE = "NO_AUTO_VALUE_ON_ZERO";
SET AUTOCOMMIT = 0;
START TRANSACTION;
SET time_zone = "+00:00";


/*!40101 SET @OLD_CHARACTER_SET_CLIENT=@@CHARACTER_SET_CLIENT */;
/*!40101 SET @OLD_CHARACTER_SET_RESULTS=@@CHARACTER_SET_RESULTS */;
/*!40101 SET @OLD_COLLATION_CONNECTION=@@COLLATION_CONNECTION */;
/*!40101 SET NAMES utf8mb4 */;

--
-- Database: `amit_bhola`
--

-- --------------------------------------------------------

--
-- Table structure for table `products`
--

CREATE TABLE `products` (
  `id` bigint(20) UNSIGNED NOT NULL,
  `title` varchar(512) NOT NULL,
  `description` text,
  `file_name` varchar(255) DEFAULT NULL,
  `modified` timestamp NOT NULL DEFAULT CURRENT_TIMESTAMP ON UPDATE CURRENT_TIMESTAMP
) ENGINE=InnoDB DEFAULT CHARSET=latin1;

--
-- Dumping data for table `products`
--

INSERT INTO `products` (`id`, `title`, `description`, `file_name`, `modified`) VALUES
(18, 'ABC in Punjabi', 'A small booklet to teach reading the Punjabi language script', '1484464138_ABC in Punjabi.pdf', '2017-01-15 07:08:58'),
(19, 'Vocabula', 'A tool to assist learning new vocabulary wordlist. Teases with similar words and enables filtering forgot words. Works for any language in English alphabet script.', '1484464254_Vocabula.zip', '2017-01-15 07:10:54'),
(20, 'Sudoku Strategies', 'Sudoku solving strategies by Sourendu Gupta from TIFR', '1484464362_Sudoku Strategies.pdf', '2017-01-15 07:12:42'),
(21, 'Sudoku Game', 'Create and solve logically solvable Sudoku puzzles in this C++ game. TC 32 bit source code included.', '1484464624_Sudoku.zip', '2017-01-15 07:17:08'),
(22, 'Recover images', 'Steps to recover corrupted images from a memory card', '1484464715_RECOVERY OF CORRUPTED FILES.pdf', '2017-01-15 07:18:35'),
(23, 'Vector D', 'Calculate the net payments out of multiple joint expenses done by multiple persons on multiple persons in Excel', '1484464806_Vector D.zip', '2017-01-15 07:20:06'),
(24, 'Circle Revolutions Quiz', 'A small mathematical puzzle on geometry', '1484464918_Circle Revolutions Quiz.zip', '2017-01-15 07:21:58'),
(25, 'Monte Carlo Simulation ( S H A -K- U N I )', 'Monte Carlo Simulation software in Excel. Simulate random numbers as per any custom probability distribution.', '1484465051_Monte Carlo Simulation (S H A -K- U N I  2.0).zip', '2017-01-15 07:24:14'),
(26, 'Elimination of variables from Linear Equations', 'What it really means? - an insight', '1484465126_Elimination of variables from Linear equations.pdf', '2017-01-15 07:25:26'),
(27, 'Compare Excel Worksheets', 'Compare two Excel worksheets cell by cell for values and generate a colour highlighted comparison report', '1484465191_Compare Excel Worksheets.zip', '2017-01-15 07:26:31'),
(28, 'Octave and One Third Octave Filters', 'In relation to Sound and noise analysis, what are Octaves and 1/3 Octaves? - an explanation (needs basic meaning knowledge of decibel and frequency and histograms)', '1484465278_Octaves and One Third Octaves.pdf', '2017-01-15 07:27:58'),
(29, 'Calyplan', 'Implement Corelap Algorithm for Layout Design using this C++ program. TC 32 bit source code included.', '1484465344_Calyplan.zip', '2017-01-15 07:29:07'),
(30, 'Method to Resolve Forgotten debt', 'A mathematical probability based method to resolve forgotten depth based on Equal Faith Model', '1484465411_Method to resolve Forgotten debt.pdf', '2017-01-15 07:30:11'),
(31, 'Debacle III', 'A racing game in C++  with option to make custom race tracks. TC 32 bit source code included.', '1484465500_Debacle III.zip', '2017-01-15 07:31:44'),
(33, 'The Full Circle', 'A Calvin and Hobbes story compiled from the official strip in a partially animated PowerPoint show (*music missing)', '1484466681_The Full Circle.zip', '2017-01-15 07:51:21'),
(34, 'Pictile', 'In this game, orient the zigged-zagged tiles of a picture properly by moving an active tile', '1484466753_Pictile.zip', '2017-01-15 07:52:33'),
(35, 'Gems Alien', 'Story of Attack of the Gems Alien in a PowerPoint show', '1484466810_Gems Alien.zip', '2017-01-15 07:53:30'),
(36, 'C++ Games and Utilities', '\"If you are a C/C++ learner, this package of Games and Utilities (C++ programs) may help. Includes Turbo C++ 32 bit source codes.\r\n(1) Anaconda : Snake game in C++.\r\n(2) Tic Tac Toe : Tic Tac Toe game in C++; computer versus player.\r\n(3) Numbox : Bring the digits 1 ~ 8 in correct sequence by swapping a blank space in this C++ game.\r\n(4) Cows and Bulls : A game in C++ to test your intelligence.\r\n(5) Shuffle : A game in C++ to test your reaction times.\r\n(6) Determinant Solver: Solve determinant of up to order of 80 if data range permits.\r\n(7) Linear equations solver:Can potentially solve 80 linear equations if data range permits.\r\n(8) Simplex : Simplex Tables generator tool for optimization (Excel and C++).\r\n(9) Interpolation : Newton\'s Interpolation application in C++.\r\n(10) Curvefitting : Least square polynomial fitting application in C++.\r\n(11) Polynomial : Polynomial operations e.g. division, changing to factorial form etc. in C++.\r\n(12) Permut : Generate all permutations of inputted characters in C++.\r\n(13) Calculator : A simple calculator in C++ which can solve expressions containing brackets and show step by step calculation.\r\n(14) Chaos to Order : A simulation of mutating polygon\'s - From Chaos to Order.\"', '1484466919_C++ Games and Utilities.zip', '2017-01-15 07:55:19'),
(37, 'Safe Driving', 'A brief presentation on Safe Driving', '1484466984_Safe Driving.pdf', '2017-01-15 07:56:24'),
(38, 'Learn to Drive Safely', 'Safe Driving Handbook by Maruti Driving School', '1484467431_LearntoDriveSafely.pdf', '2017-01-15 08:03:51'),
(39, 'BitComp 64', 'Compare pictures (bitmap images) using this C++ program.', '1484467586_Bitcomp 64.zip', '2017-01-15 08:06:26'),
(40, 'BitComp (Excel)', 'Compare pictures (bitmap images) using this Excel file.', '1484467686_BitComp (Excel).zip', '2017-01-15 08:08:06'),
(41, 'FMEA', 'College level presentation on FMEA (Failure Mode and Effect Analysis) - Compilation from internet', '1484467804_FMEA.zip', '2017-01-15 08:10:04'),
(42, 'BitReplace', 'Change the colours of the objects in a picture (bitmap images) using this Excel file.', '1484468301_BitReplace.zip', '2017-01-15 08:18:21'),
(43, 'Eddy Current Inspection', 'College level project report on Eddy Current inspection - Compilation from internet', '1484468389_Eddy currents project.pdf', '2017-01-15 08:19:49'),
(44, 'Table to Matrix', 'Convert a 3 column table to a Matrix  (Original Column 1 unique items as rows and Column 2 unique items as columns, and Column 3 items filled)', '1484468431_Table to Matrix.zip', '2017-01-15 08:20:31'),
(45, 'A Book Reader\'s Love', 'An informal expression of love for book reading and a treatise on the same', '1484468476_A Book Reader\'s Love.pdf', '2017-01-15 08:21:16'),
(46, 'Matrix to Table', 'Convert a Matrix to a 3 Column table  (It works in opposite to the way the \'Table to Matrix\' program works )', '1484468546_Matrix to Table.zip', '2017-01-15 08:22:26'),
(47, 'Hesitation', 'Notes and opinion on reason and remedy of hesitation', '1484468583_Hesitation.pdf', '2017-01-15 08:23:03'),
(48, 'Table Binder', 'Binds the Tables in separate excel files into one table in this excel file', '1484468628_Table Binder.zip', '2017-01-15 08:23:48'),
(49, 'Acute Wonders', 'An interesting dialogue concerning colours between Ping and Pong', '1484468685_Acute Wonders.pdf', '2017-01-15 08:24:45'),
(50, 'Shuffle a List', 'Randomize or shuffle a list in Excel. Can be used to generate a simple random sample.', '1484468763_Shuffle a List.zip', '2017-01-15 08:26:03'),
(51, 'The Revelation', 'An interesting short story', '1484468839_The Revelation.pdf', '2017-01-15 08:27:19'),
(52, '4D Map Plotter', 'Plot a 4 variable scatter map (basic) in excel', '1484468907_4D Map Plotter.zip', '2017-01-15 08:28:27'),
(53, 'Rains as they fell', 'A poem', '1484468953_Rains as they fell.pdf', '2017-01-15 08:29:13'),
(54, 'Translation and Rotation', 'Transform and Rotate coordinate system or 2D geometry in Excel', '1484469034_Translation and Rotation.zip', '2017-01-15 08:30:34'),
(55, 'Sir Edmund Hillary', 'A poem', '1484469072_Sir Edmund Hillary.pdf', '2017-01-15 08:31:12'),
(56, 'Polyline with defined points', 'Make a to the scale Polyline geometry in Excel using an array of points as inputs', '1484469125_Polyline with defined points.zip', '2017-01-15 08:32:05'),
(57, 'The Promise', 'A poem', '1484469162_The Promise.pdf', '2017-01-15 08:32:42'),
(58, 'Normal Distribution plot', 'Plot shaded normal distribution graph for up to 2 variables with probability calculation', '1484469227_Normal Distribution plot.zip', '2017-01-15 08:33:47'),
(59, 'Silent Drums', 'A poem', '1484469270_Silent Drums.pdf', '2017-01-15 08:34:30'),
(60, 'Q-Q Plot', 'Make a Q-Q plot in Excel (quantile-quantile plot)', '1484469325_Q-Q Plot.zip', '2017-01-15 08:35:25'),
(61, 'Just Dare Enough to Walk', 'A poem', '1484469355_Just Dare Enough to Walk.pdf', '2017-01-15 08:35:55'),
(62, 'Chi Square Test', 'Perform Chi square test for goodness of fit in Excel for general frequency and Normal distribution', '1484469394_Chi Square Test.zip', '2017-01-15 08:36:34'),
(63, 'Sweet Little Tweety', 'A nursery rhyme', '1484469425_Sweet Little Tweety.pdf', '2017-01-15 08:37:05'),
(64, 'Confidence Intervals', 'Calculate Confidence Intervals for mean, standard deviation etc. in Excel', '1484469474_Confidence Intervals.zip', '2017-01-15 08:37:54'),
(65, 'To you I send (O Moon!)', 'A poem', '1484469504_To you I send (O Moon!).pdf', '2017-01-15 08:38:24'),
(66, 'Correlated random numbers simulation', 'Simulate correlated simple random or correlated normal random variables in Excel', '1484469550_Correlated random numbers simulation.zip', '2017-01-15 08:39:10'),
(67, 'First Nap', 'A poem', '1484469575_First Nap.pdf', '2017-01-15 08:39:35'),
(68, 'Skew Normal Distribution', 'Simulate Skew Normal distribution in Excel\r\n', '1484469617_Skew Normal Distribution.zip', '2017-01-15 08:40:17'),
(70, 'The Color of the Moon', 'The account of color of the Moon as described for the first time from up close.', '1487484792_The Color of the Moon.pdf', '2017-02-19 06:13:12'),
(71, 'Gantt Chart', 'Gantt Chart Template in excel. Make and monitor project schedules. Track Plan vs. Actual completed and ongoing activities with simple inputs and visualisation.', '1487484862_Gantt Chart.zip', '2017-02-19 06:14:22'),
(72, 'Understanding Confidence Intervals', 'An interesting insight into concept of confidence intervals by means of analogy.', '1488911701_Understanding Confidence Intervals.pdf', '2017-03-07 18:35:01'),
(74, 'Understanding Cp and Cpk', 'An interesting insight into meaning of Process Capability, Cp and Cpk index by use of images and analogy.', '1488911941_Understanding Cp and Cpk (A3 Avatar).pdf', '2017-03-07 18:39:01'),
(75, 'Understanding p-value', 'A text explaining the meaning and interpretation of p-value in relation to hypothesis testing.', '1490550116_Understanding p-value.pdf', '2017-03-26 17:41:56'),
(76, 'Statistical Sampling', 'A presentation on Statistical Sampling techniques useful for designing sampling surveys targeting generalisations.', '1490550223_Statistical_Sampling_20160419.pdf', '2017-03-26 17:43:43'),
(77, 'Margin of Error', 'A presentation on the concept of Margin of Error, explaining right up from the meaning of probability.', '1490550279_Margin of Error_20160419.pdf', '2017-03-26 17:44:42'),
(78, 'Fever Chart', 'Fever Chart example in excel with concept explanation. Track the health of your project from timeline perspective by visualisation of the consumption of the overall buffer (slack).', '1491669940_Fever Chart.zip', '2017-04-08 16:45:40'),
(79, 'Least Square Fit in XYZ', 'Fit equation of the form :     m = a + bx + cy + dz + exy + fyz + gzx + hxyz     on dataset of x,y,z,m   in Excel', '1497507878_Least Square Fit in XYZ.zip', '2017-06-15 06:24:38'),
(80, 'Gist of GST', 'An introductory gist of GST for beginners (informal)', '1498893671_Gist of GST.pdf', '2017-07-01 07:21:12'),
(84, 'The Book of Siddhanta', 'The Master holds the only chance of saving the future - a short story', '1514530630_The Book of Siddhanta.pdf', '2017-12-29 06:57:10'),
(85, 'Cp Cpk - Graphing Quickly from Values', 'Learn to quickly interpret Cp Cpk values and easily draw the approx. normal distribution graph representing these values', '1514530735_Cp Cpk - Graphing Quickly from Values.pdf', '2017-12-29 06:58:57'),
(86, 'Moonrock', 'It sparkles in light but doesn’t glow in dark. Find out more about \'Moonrock\' in this short story', '1514530785_Moonrock.pdf', '2017-12-29 06:59:45'),
(87, 'Saving Yogi Banks', 'Yogi is brave, yet needs your support. Will you be there for him? - a short story', '1514530826_Saving Yogi Banks.pdf', '2017-12-29 07:00:26'),
(88, 'Understanding Bayes\' Theorem', 'A short example explains simple version of Bayes\' Theorem intuitively', '1543759945_Understanding Bayes Theorem.pdf', '2018-12-02 14:12:25');

-- --------------------------------------------------------

--
-- Table structure for table `products_tags`
--

CREATE TABLE `products_tags` (
  `id` bigint(20) UNSIGNED NOT NULL,
  `product_id` bigint(20) UNSIGNED NOT NULL,
  `tag_id` bigint(20) UNSIGNED NOT NULL,
  `modified` timestamp NOT NULL DEFAULT CURRENT_TIMESTAMP ON UPDATE CURRENT_TIMESTAMP
) ENGINE=InnoDB DEFAULT CHARSET=latin1;

--
-- Dumping data for table `products_tags`
--

INSERT INTO `products_tags` (`id`, `product_id`, `tag_id`, `modified`) VALUES
(50, 18, 17, '2017-01-15 07:08:58'),
(51, 18, 18, '2017-01-15 07:08:58'),
(52, 18, 19, '2017-01-15 07:08:58'),
(53, 18, 34, '2017-01-15 07:08:58'),
(54, 19, 14, '2017-01-15 07:10:54'),
(55, 19, 17, '2017-01-15 07:10:54'),
(56, 19, 25, '2017-01-15 07:10:54'),
(57, 19, 26, '2017-01-15 07:10:54'),
(58, 19, 27, '2017-01-15 07:10:54'),
(59, 20, 19, '2017-01-15 07:12:42'),
(60, 20, 23, '2017-01-15 07:12:42'),
(61, 20, 34, '2017-01-15 07:12:42'),
(62, 21, 23, '2017-01-15 07:17:08'),
(63, 21, 25, '2017-01-15 07:17:08'),
(64, 21, 29, '2017-01-15 07:17:08'),
(65, 22, 19, '2017-01-15 07:18:35'),
(66, 22, 24, '2017-01-15 07:18:35'),
(67, 23, 25, '2017-01-15 07:20:06'),
(68, 23, 26, '2017-01-15 07:20:06'),
(69, 23, 27, '2017-01-15 07:20:06'),
(70, 23, 28, '2017-01-15 07:20:06'),
(71, 24, 19, '2017-01-15 07:21:58'),
(72, 24, 21, '2017-01-15 07:21:58'),
(73, 24, 35, '2017-01-15 07:21:58'),
(74, 25, 19, '2017-01-15 07:24:14'),
(75, 25, 25, '2017-01-15 07:24:14'),
(76, 25, 26, '2017-01-15 07:24:14'),
(77, 25, 27, '2017-01-15 07:24:14'),
(78, 25, 31, '2017-01-15 07:24:14'),
(79, 25, 32, '2017-01-15 07:24:14'),
(80, 26, 19, '2017-01-15 07:25:26'),
(81, 26, 21, '2017-01-15 07:25:26'),
(82, 26, 34, '2017-01-15 07:25:26'),
(83, 27, 25, '2017-01-15 07:26:31'),
(84, 27, 26, '2017-01-15 07:26:31'),
(85, 27, 28, '2017-01-15 07:26:31'),
(86, 28, 19, '2017-01-15 07:27:58'),
(87, 28, 21, '2017-01-15 07:27:58'),
(88, 28, 33, '2017-01-15 07:27:58'),
(89, 28, 34, '2017-01-15 07:27:58'),
(90, 29, 25, '2017-01-15 07:29:07'),
(91, 29, 28, '2017-01-15 07:29:07'),
(92, 29, 29, '2017-01-15 07:29:07'),
(93, 30, 19, '2017-01-15 07:30:11'),
(94, 30, 21, '2017-01-15 07:30:11'),
(95, 30, 22, '2017-01-15 07:30:11'),
(96, 30, 34, '2017-01-15 07:30:11'),
(97, 31, 23, '2017-01-15 07:31:44'),
(98, 31, 25, '2017-01-15 07:31:44'),
(99, 31, 29, '2017-01-15 07:31:44'),
(103, 33, 14, '2017-01-15 07:51:21'),
(104, 33, 35, '2017-01-15 07:51:21'),
(105, 33, 37, '2017-01-15 07:51:21'),
(106, 34, 23, '2017-01-15 07:52:33'),
(107, 34, 25, '2017-01-15 07:52:33'),
(108, 34, 26, '2017-01-15 07:52:33'),
(109, 34, 27, '2017-01-15 07:52:33'),
(110, 35, 14, '2017-01-15 07:53:30'),
(111, 35, 35, '2017-01-15 07:53:30'),
(112, 35, 37, '2017-01-15 07:53:30'),
(113, 36, 21, '2017-01-15 07:55:19'),
(114, 36, 23, '2017-01-15 07:55:19'),
(115, 36, 25, '2017-01-15 07:55:19'),
(116, 36, 29, '2017-01-15 07:55:19'),
(117, 37, 14, '2017-01-15 07:56:24'),
(118, 37, 19, '2017-01-15 07:56:24'),
(119, 37, 34, '2017-01-15 07:56:24'),
(120, 38, 14, '2017-01-15 08:03:51'),
(121, 38, 19, '2017-01-15 08:03:51'),
(122, 38, 34, '2017-01-15 08:03:51'),
(123, 39, 24, '2017-01-15 08:06:26'),
(124, 39, 25, '2017-01-15 08:06:26'),
(125, 39, 28, '2017-01-15 08:06:26'),
(126, 39, 29, '2017-01-15 08:06:26'),
(127, 40, 24, '2017-01-15 08:08:06'),
(128, 40, 25, '2017-01-15 08:08:06'),
(129, 40, 26, '2017-01-15 08:08:06'),
(130, 40, 27, '2017-01-15 08:08:06'),
(131, 40, 28, '2017-01-15 08:08:06'),
(132, 41, 14, '2017-01-15 08:10:04'),
(133, 41, 19, '2017-01-15 08:10:04'),
(134, 41, 33, '2017-01-15 08:10:04'),
(135, 41, 34, '2017-01-15 08:10:04'),
(136, 41, 35, '2017-01-15 08:10:04'),
(137, 42, 24, '2017-01-15 08:18:21'),
(138, 42, 25, '2017-01-15 08:18:21'),
(139, 42, 26, '2017-01-15 08:18:21'),
(140, 42, 27, '2017-01-15 08:18:21'),
(141, 42, 28, '2017-01-15 08:18:21'),
(142, 43, 14, '2017-01-15 08:19:49'),
(143, 43, 19, '2017-01-15 08:19:49'),
(144, 43, 34, '2017-01-15 08:19:49'),
(145, 44, 25, '2017-01-15 08:20:31'),
(146, 44, 26, '2017-01-15 08:20:31'),
(147, 44, 27, '2017-01-15 08:20:31'),
(148, 44, 28, '2017-01-15 08:20:31'),
(149, 45, 14, '2017-01-15 08:21:16'),
(150, 45, 22, '2017-01-15 08:21:16'),
(151, 45, 34, '2017-01-15 08:21:16'),
(152, 46, 25, '2017-01-15 08:22:26'),
(153, 46, 26, '2017-01-15 08:22:26'),
(154, 46, 27, '2017-01-15 08:22:26'),
(155, 46, 28, '2017-01-15 08:22:26'),
(156, 47, 14, '2017-01-15 08:23:03'),
(157, 47, 19, '2017-01-15 08:23:03'),
(158, 47, 22, '2017-01-15 08:23:03'),
(159, 47, 34, '2017-01-15 08:23:03'),
(160, 48, 25, '2017-01-15 08:23:48'),
(161, 48, 26, '2017-01-15 08:23:48'),
(162, 48, 27, '2017-01-15 08:23:48'),
(163, 48, 28, '2017-01-15 08:23:48'),
(164, 49, 14, '2017-01-15 08:24:45'),
(165, 49, 38, '2017-01-15 08:24:45'),
(166, 50, 26, '2017-01-15 08:26:03'),
(167, 50, 28, '2017-01-15 08:26:03'),
(168, 50, 31, '2017-01-15 08:26:03'),
(169, 50, 32, '2017-01-15 08:26:03'),
(170, 51, 14, '2017-01-15 08:27:19'),
(171, 51, 38, '2017-01-15 08:27:19'),
(172, 52, 25, '2017-01-15 08:28:27'),
(173, 52, 26, '2017-01-15 08:28:27'),
(174, 52, 27, '2017-01-15 08:28:27'),
(175, 52, 28, '2017-01-15 08:28:27'),
(176, 52, 39, '2017-01-15 08:28:27'),
(177, 53, 14, '2017-01-15 08:29:13'),
(178, 53, 40, '2017-01-15 08:29:13'),
(179, 54, 21, '2017-01-15 08:30:34'),
(180, 54, 26, '2017-01-15 08:30:34'),
(181, 54, 39, '2017-01-15 08:30:34'),
(182, 55, 14, '2017-01-15 08:31:12'),
(183, 55, 40, '2017-01-15 08:31:12'),
(184, 56, 25, '2017-01-15 08:32:05'),
(185, 56, 26, '2017-01-15 08:32:05'),
(186, 56, 27, '2017-01-15 08:32:05'),
(187, 56, 28, '2017-01-15 08:32:05'),
(188, 56, 39, '2017-01-15 08:32:05'),
(189, 57, 14, '2017-01-15 08:32:42'),
(190, 57, 40, '2017-01-15 08:32:42'),
(191, 58, 21, '2017-01-15 08:33:47'),
(192, 58, 26, '2017-01-15 08:33:47'),
(193, 58, 31, '2017-01-15 08:33:47'),
(194, 58, 39, '2017-01-15 08:33:47'),
(195, 59, 14, '2017-01-15 08:34:30'),
(196, 59, 40, '2017-01-15 08:34:30'),
(197, 60, 21, '2017-01-15 08:35:25'),
(198, 60, 26, '2017-01-15 08:35:25'),
(199, 60, 31, '2017-01-15 08:35:25'),
(200, 60, 39, '2017-01-15 08:35:25'),
(201, 61, 14, '2017-01-15 08:35:55'),
(202, 61, 40, '2017-01-15 08:35:55'),
(203, 62, 21, '2017-01-15 08:36:34'),
(204, 62, 26, '2017-01-15 08:36:34'),
(205, 62, 31, '2017-01-15 08:36:34'),
(206, 63, 14, '2017-01-15 08:37:05'),
(207, 63, 40, '2017-01-15 08:37:05'),
(208, 64, 21, '2017-01-15 08:37:54'),
(209, 64, 26, '2017-01-15 08:37:54'),
(210, 64, 31, '2017-01-15 08:37:54'),
(211, 65, 14, '2017-01-15 08:38:24'),
(212, 65, 40, '2017-01-15 08:38:24'),
(213, 66, 21, '2017-01-15 08:39:10'),
(214, 66, 26, '2017-01-15 08:39:10'),
(215, 66, 31, '2017-01-15 08:39:10'),
(216, 66, 32, '2017-01-15 08:39:10'),
(217, 67, 14, '2017-01-15 08:39:35'),
(218, 67, 40, '2017-01-15 08:39:35'),
(219, 68, 21, '2017-01-15 08:40:17'),
(220, 68, 26, '2017-01-15 08:40:17'),
(221, 68, 31, '2017-01-15 08:40:17'),
(222, 68, 32, '2017-01-15 08:40:17'),
(225, 70, 14, '2017-02-19 06:13:12'),
(226, 70, 34, '2017-02-19 06:13:12'),
(227, 70, 38, '2017-02-19 06:13:12'),
(228, 71, 26, '2017-02-19 06:14:22'),
(229, 71, 28, '2017-02-19 06:14:22'),
(230, 72, 19, '2017-03-07 18:35:01'),
(231, 72, 21, '2017-03-07 18:35:01'),
(232, 72, 31, '2017-03-07 18:35:01'),
(233, 72, 34, '2017-03-07 18:35:01'),
(239, 74, 19, '2017-03-07 18:39:01'),
(240, 74, 31, '2017-03-07 18:39:01'),
(241, 74, 33, '2017-03-07 18:39:01'),
(242, 74, 34, '2017-03-07 18:39:01'),
(243, 74, 41, '2017-03-07 18:39:01'),
(244, 75, 19, '2017-03-26 17:41:56'),
(245, 75, 21, '2017-03-26 17:41:56'),
(246, 75, 31, '2017-03-26 17:41:56'),
(247, 75, 33, '2017-03-26 17:41:56'),
(248, 75, 34, '2017-03-26 17:41:56'),
(249, 76, 19, '2017-03-26 17:43:43'),
(250, 76, 21, '2017-03-26 17:43:43'),
(251, 76, 31, '2017-03-26 17:43:43'),
(252, 76, 34, '2017-03-26 17:43:43'),
(253, 77, 19, '2017-03-26 17:44:42'),
(254, 77, 21, '2017-03-26 17:44:42'),
(255, 77, 31, '2017-03-26 17:44:42'),
(256, 77, 34, '2017-03-26 17:44:42'),
(257, 78, 19, '2017-04-08 16:45:40'),
(258, 78, 26, '2017-04-08 16:45:40'),
(259, 78, 28, '2017-04-08 16:45:40'),
(260, 79, 21, '2017-06-15 06:24:38'),
(261, 79, 26, '2017-06-15 06:24:38'),
(262, 79, 31, '2017-06-15 06:24:38'),
(263, 80, 14, '2017-07-01 07:21:12'),
(264, 80, 19, '2017-07-01 07:21:12'),
(265, 80, 34, '2017-07-01 07:21:12'),
(281, 84, 14, '2017-12-29 06:57:10'),
(282, 84, 21, '2017-12-29 06:57:10'),
(283, 84, 38, '2017-12-29 06:57:10'),
(284, 85, 19, '2017-12-29 06:58:57'),
(285, 85, 31, '2017-12-29 06:58:57'),
(286, 85, 34, '2017-12-29 06:58:57'),
(287, 85, 39, '2017-12-29 06:58:57'),
(288, 85, 41, '2017-12-29 06:58:57'),
(289, 86, 14, '2017-12-29 06:59:45'),
(290, 86, 38, '2017-12-29 06:59:45'),
(291, 87, 14, '2017-12-29 07:00:26'),
(292, 87, 38, '2017-12-29 07:00:26'),
(293, 88, 19, '2018-12-02 14:12:25'),
(294, 88, 21, '2018-12-02 14:12:25'),
(295, 88, 31, '2018-12-02 14:12:25'),
(296, 88, 34, '2018-12-02 14:12:25');

-- --------------------------------------------------------

--
-- Table structure for table `tags`
--

CREATE TABLE `tags` (
  `id` bigint(20) UNSIGNED NOT NULL,
  `name` varchar(255) NOT NULL,
  `modified` timestamp NOT NULL DEFAULT CURRENT_TIMESTAMP ON UPDATE CURRENT_TIMESTAMP
) ENGINE=InnoDB DEFAULT CHARSET=latin1;

--
-- Dumping data for table `tags`
--

INSERT INTO `tags` (`id`, `name`, `modified`) VALUES
(1, 'Japanese', '2016-12-31 06:31:35'),
(14, 'English', '2017-01-01 05:54:14'),
(17, 'Language', '2017-01-08 18:14:45'),
(18, 'Punjabi', '2017-01-08 18:14:45'),
(19, 'Tutorial', '2017-01-08 18:14:45'),
(21, 'Mathematics', '2017-01-08 19:35:16'),
(22, 'Opinion', '2017-01-08 19:35:16'),
(23, 'Games', '2017-01-08 19:37:26'),
(24, 'Image Processing', '2017-01-08 19:39:38'),
(25, 'Software', '2017-01-10 18:57:05'),
(26, 'Excel', '2017-01-10 18:57:05'),
(27, 'VBA', '2017-01-10 18:57:05'),
(28, 'Utility', '2017-01-10 18:58:33'),
(29, 'C++', '2017-01-10 19:00:39'),
(31, 'Statistics', '2017-01-10 19:03:07'),
(32, 'Monte Carlo', '2017-01-10 19:03:07'),
(33, 'Design', '2017-01-10 19:03:07'),
(34, 'Non Fiction', '2017-01-15 07:08:58'),
(35, 'PowerPoint', '2017-01-15 07:21:58'),
(36, '', '2017-01-15 07:49:14'),
(37, 'Comic', '2017-01-15 07:51:21'),
(38, 'Fiction', '2017-01-15 08:24:45'),
(39, 'Plotting', '2017-01-15 08:28:27'),
(40, 'Poetry', '2017-01-15 08:29:13'),
(41, 'Quality', '2017-03-07 18:37:11');

-- --------------------------------------------------------

--
-- Table structure for table `users`
--

CREATE TABLE `users` (
  `id` bigint(20) UNSIGNED NOT NULL,
  `first_name` varchar(100) DEFAULT NULL,
  `last_name` varchar(100) DEFAULT NULL,
  `email` varchar(255) NOT NULL,
  `username` varchar(255) NOT NULL,
  `password` varchar(512) NOT NULL,
  `created` timestamp NULL DEFAULT NULL,
  `modified` timestamp NOT NULL DEFAULT CURRENT_TIMESTAMP ON UPDATE CURRENT_TIMESTAMP
) ENGINE=InnoDB DEFAULT CHARSET=latin1;

-- --------------------------------------------------------

--
-- Table structure for table `vocabula`
--

CREATE TABLE `vocabula` (
  `id` bigint(20) UNSIGNED NOT NULL,
  `english` varchar(100) DEFAULT NULL,
  `japanese` varchar(100) DEFAULT NULL,
  `modified` timestamp NOT NULL DEFAULT CURRENT_TIMESTAMP ON UPDATE CURRENT_TIMESTAMP
) ENGINE=InnoDB DEFAULT CHARSET=latin1;

--
-- Dumping data for table `vocabula`
--

INSERT INTO `vocabula` (`id`, `english`, `japanese`, `modified`) VALUES
(1329, 'does not often', 'amari masen', '2017-01-14 18:29:39'),
(1330, 'morning', 'asa', '2017-01-14 18:29:39'),
(1331, 'day after tomorrow', 'asatte', '2017-01-14 18:29:39'),
(1332, 'later', 'ato de', '2017-01-14 18:29:39'),
(1333, 'evening', 'ban', '2017-01-14 18:29:39'),
(1334, 'study', 'benkyou', '2017-01-14 18:29:39'),
(1335, 'convenient', 'benri', '2017-01-14 18:29:39'),
(1336, 'small', 'chiisai', '2017-01-14 18:29:39'),
(1337, 'near', 'chikai', '2017-01-14 18:29:39'),
(1338, 'only', 'dake', '2017-01-14 18:29:39'),
(1339, 'who', 'dare', '2017-01-14 18:29:39'),
(1340, 'but, however', 'demo', '2017-01-14 18:29:39'),
(1341, 'is not', 'arimasen', '2017-01-14 18:29:39'),
(1342, 'where (polite)', 'dochira', '2017-01-14 18:29:39'),
(1343, 'how is it', 'do desu ka', '2017-01-14 18:29:39'),
(1344, 'don?t mention', 'do itashi mashite', '2017-01-14 18:29:39'),
(1345, 'where', 'doko', '2017-01-14 18:29:39'),
(1346, 'who (polite of dare)', 'donata', '2017-01-14 18:29:39'),
(1347, 'what kind of', 'donna', '2017-01-14 18:29:39'),
(1348, 'approximately, black', 'kurai', '2017-01-14 18:29:39'),
(1349, 'how much, how long', 'donokurai', '2017-01-14 18:29:39'),
(1350, 'why (to do)', 'doshite', '2017-01-14 18:29:39'),
(1351, 'old', 'furui', '2017-01-14 18:29:39'),
(1352, 'minute', 'fun', '2017-01-14 18:29:39'),
(1353, 'month', 'gatsu', '2017-01-14 18:29:39'),
(1354, 'week', 'shuu', '2017-01-14 18:29:39'),
(1355, 'meal', 'gohan', '2017-01-14 18:29:39'),
(1356, 'noon', 'hiru', '2017-01-14 18:29:39'),
(1357, 'lunch', 'hiru gohan', '2017-01-14 18:29:39'),
(1358, 'person', 'hito', '2017-01-14 18:29:39'),
(1359, 'one person', 'hitori', '2017-01-14 18:29:39'),
(1360, 'alone', 'hitori de', '2017-01-14 18:29:39'),
(1361, 'good', 'ii', '2017-01-14 18:29:39'),
(1362, 'to say (usu. 1 person)', 'iimasu', '2017-01-14 18:29:39'),
(1363, 'how (respect)', 'ikaga', '2017-01-14 18:29:39'),
(1364, 'go to, wear (clothes)', 'ikimasu', '2017-01-14 18:29:39'),
(1365, 'busy', 'isogashii', '2017-01-14 18:29:39'),
(1366, 'when', 'itsu', '2017-01-14 18:29:39'),
(1367, 'time', 'jikan', '2017-01-14 18:29:39'),
(1368, 'address', 'jusho', '2017-01-14 18:29:39'),
(1369, 'to replace, to return', 'kaemasu', '2017-01-14 18:29:39'),
(1370, 'meeting', 'kaigi', '2017-01-14 18:29:39'),
(1371, 'company', 'kaisha', '2017-01-14 18:29:39'),
(1372, 'write or draw (compose)', 'kakimasu', '2017-01-14 18:29:39'),
(1373, 'from, due to', 'kara', '2017-01-14 18:29:39'),
(1374, 'marriage', 'kekkon', '2017-01-14 18:29:39'),
(1375, 'tree', 'ki', '2017-01-14 18:29:39'),
(1376, 'listen, ask, be effective', 'kikimasu', '2017-01-14 18:29:39'),
(1377, 'come', 'kimasu', '2017-01-14 18:29:39'),
(1378, 'come (have)', 'kimashita', '2017-01-14 18:29:39'),
(1379, 'yesterday', 'kino', '2017-01-14 18:29:39'),
(1380, 'ticket', 'kippu', '2017-01-14 18:29:39'),
(1381, 'here (polite)', 'kochira', '2017-01-14 18:29:39'),
(1382, 'child', 'kodomo', '2017-01-14 18:29:39'),
(1383, 'here, this place', 'koko', '2017-01-14 18:29:39'),
(1384, 'tonight', 'konban', '2017-01-14 18:29:39'),
(1385, 'this noun', 'kono', '2017-01-14 18:29:39'),
(1386, 'this one', 'kore', '2017-01-14 18:29:39'),
(1387, 'please give me', 'kudasai', '2017-01-14 18:29:39'),
(1388, 'vehicle', 'kuruma', '2017-01-14 18:29:39'),
(1389, 'today, religion', 'kyo', '2017-01-14 18:29:39'),
(1390, 'as yet', 'mada', '2017-01-14 18:29:39'),
(1392, 'as far as, till (..kara?made..)', 'made', '2017-01-14 18:29:39'),
(1393, 'window', 'mado', '2017-01-14 18:29:39'),
(1394, 'before, front', 'mae', '2017-01-14 18:29:39'),
(1395, 'every morning', 'maiasa', '2017-01-14 18:29:39'),
(1396, 'every evening', 'maiban', '2017-01-14 18:29:39'),
(1397, 'every year', 'mainen', '2017-01-14 18:29:39'),
(1398, 'every day', 'mainichi', '2017-01-14 18:29:39'),
(1399, 'every week', 'maishu', '2017-01-14 18:29:39'),
(1400, 'again, also, still', 'mata', '2017-01-14 18:29:39'),
(1401, 'see', 'mimasu', '2017-01-14 18:29:39'),
(1402, 'everyone', 'minna', '2017-01-14 18:29:39'),
(1403, 'water', 'mizu', '2017-01-14 18:29:39'),
(1404, 'receive', 'moraimasu', '2017-01-14 18:29:39'),
(1405, 'difficult', 'muzukashii', '2017-01-14 18:29:39'),
(1406, 'inside', 'naka', '2017-01-14 18:29:39'),
(1407, 'send, drop (someone)', 'okurimasu', '2017-01-14 18:29:39'),
(1408, 'female', 'onna', '2017-01-14 18:29:39'),
(1409, 'slow, late', 'osoi', '2017-01-14 18:29:39'),
(1410, 'male', 'otoko', '2017-01-14 18:29:39'),
(1411, 'day before yesterday', 'ototoi', '2017-01-14 18:29:39'),
(1412, 'change (money), balance', 'otsuri', '2017-01-14 18:29:39'),
(1413, 'finish', 'owaru', '2017-01-14 18:29:39'),
(1414, 'next', 'rai', '2017-01-14 18:29:39'),
(1415, 'next year', 'rainen', '2017-01-14 18:29:39'),
(1416, 'next month', 'raigetsu', '2017-01-14 18:29:39'),
(1417, 'next week', 'raishu', '2017-01-14 18:29:39'),
(1418, 'recently, now a days', 'saikin', '2017-01-14 18:29:39'),
(1419, 'last month', 'sengetsu', '2017-01-14 18:29:39'),
(1420, 'last week', 'senshu', '2017-01-14 18:29:39'),
(1421, 'work, occupation', 'shigoto', '2017-01-14 18:29:39'),
(1422, 'do', 'shimasu', '2017-01-14 18:29:39'),
(1423, 'quiet, calm', 'shizuka', '2017-01-14 18:29:39'),
(1424, 'there (polite)', 'sochira', '2017-01-14 18:29:39'),
(1425, 'there, that place', 'soko', '2017-01-14 18:29:39'),
(1426, 'that noun', 'sono', '2017-01-14 18:29:39'),
(1427, 'that one', 'sore', '2017-01-14 18:29:39'),
(1428, 'and then, after that', 'sorekara', '2017-01-14 18:29:39'),
(1429, 'and then, thus', 'soshite', '2017-01-14 18:29:39'),
(1430, 'a little', 'sukoshi', '2017-01-14 18:29:39'),
(1431, 'a little, few', 'sukunai', '2017-01-14 18:29:39'),
(1432, 'eat', 'taberu', '2017-01-14 18:29:39'),
(1433, 'eat', 'tabemasu', '2017-01-14 18:29:39'),
(1434, 'expensive, high', 'takai', '2017-01-14 18:29:39'),
(1435, 'many', 'takusan', '2017-01-14 18:29:39'),
(1436, 'and, with', 'to', '2017-01-14 18:29:39'),
(1437, 'sometimes', 'tokidoki', '2017-01-14 18:29:39'),
(1438, 'next to', 'tonari', '2017-01-14 18:29:39'),
(1439, 'take (eg. Picture), pass (salt etc)', 'torimasu', '2017-01-14 18:29:39'),
(1440, 'very (exceedingly)', 'totemo', '2017-01-14 18:29:39'),
(1441, 'next', 'tsugi', '2017-01-14 18:29:39'),
(1442, 'sell', 'urimasu', '2017-01-14 18:29:39'),
(1443, 'we', 'watashi tachi', '2017-01-14 18:29:39'),
(1444, 'cheap', 'yasui', '2017-01-14 18:29:39'),
(1445, 'bad', 'warui', '2017-01-14 18:29:39'),
(1446, 'often', 'yoku', '2017-01-14 18:29:39'),
(1447, 'teacher', 'sensei', '2017-01-14 18:29:39'),
(1448, 'that', 'sore', '2017-01-14 18:29:39'),
(1449, 'that +', 'are', '2017-01-14 18:29:39'),
(1450, 'that + noun', 'ano', '2017-01-14 18:29:39'),
(1451, 'book', 'hon', '2017-01-14 18:29:39'),
(1452, 'dictionary', 'jisho', '2017-01-14 18:29:39'),
(1453, 'newspaper', 'shinbun', '2017-01-14 18:29:39'),
(1454, 'key', 'kagi', '2017-01-14 18:29:39'),
(1455, 'chair', 'isu', '2017-01-14 18:29:39'),
(1456, 'desk', 'tsukue', '2017-01-14 18:29:39'),
(1457, 'door', 'doa', '2017-01-14 18:29:39'),
(1458, 'there +', 'asoko', '2017-01-14 18:29:39'),
(1459, 'there + (polite)', 'achira', '2017-01-14 18:29:39'),
(1460, 'room', 'heya', '2017-01-14 18:29:39'),
(1461, 'garden', 'niwa', '2017-01-14 18:29:39'),
(1462, 'house', 'uchi', '2017-01-14 18:29:39'),
(1463, 'room', 'shitsu', '2017-01-14 18:29:39'),
(1464, 'to get up, to put (sth. on sth.)', 'okimasu', '2017-01-14 18:29:39'),
(1465, 'to lie down, sleep', 'nemasu', '2017-01-14 18:29:39'),
(1466, 'a.m.', 'gozen', '2017-01-14 18:29:39'),
(1467, 'p.m.', 'gogo', '2017-01-14 18:29:39'),
(1468, 'to replace, to return', 'kaerimasu', '2017-01-14 18:29:39'),
(1469, 'train', 'densha', '2017-01-14 18:29:39'),
(1470, 'airplane', 'hikoki', '2017-01-14 18:29:39'),
(1471, 'friend', 'tomodachi', '2017-01-14 18:29:39'),
(1472, 'to drink', 'nomi', '2017-01-14 18:29:39'),
(1473, 'bread', 'pan', '2017-01-14 18:29:39'),
(1474, 'egg', 'tomago', '2017-01-14 18:29:39'),
(1475, 'meat', 'niku', '2017-01-14 18:29:39'),
(1476, 'fish', 'sakana', '2017-01-14 18:29:39'),
(1477, 'vegetable', 'yasai', '2017-01-14 18:29:39'),
(1478, 'milk', 'miruku', '2017-01-14 18:29:39'),
(1479, 'free (time)', 'hima', '2017-01-14 18:29:39'),
(1480, 'to cut', 'kirimasu', '2017-01-14 18:29:39'),
(1481, 'give', 'agemasu', '2017-01-14 18:29:39'),
(1482, 'to get, attain (learn)', 'naru', '2017-01-14 18:29:39'),
(1483, 'to get, attain (learn)', 'naraimasu', '2017-01-14 18:29:39'),
(1484, 'lend', 'kashimasu', '2017-01-14 18:29:39'),
(1485, 'borrow', 'karimasu', '2017-01-14 18:29:39'),
(1486, 'congratulations', 'omededo gozaimasu', '2017-01-14 18:29:39'),
(1487, 'big, large', 'okii', '2017-01-14 18:29:39'),
(1488, 'new', 'atarashii', '2017-01-14 18:29:39'),
(1489, 'easy, simple', 'yasashii', '2017-01-14 18:29:39'),
(1490, 'low, short', 'hikui', '2017-01-14 18:29:39'),
(1491, 'interesting', 'omoshiroi', '2017-01-14 18:29:39'),
(1492, 'tasty', 'oishii', '2017-01-14 18:29:39'),
(1493, 'testing, exam', 'shiken', '2017-01-14 18:29:39'),
(1494, 'tough, very (greatly)', 'taihen', '2017-01-14 18:29:39'),
(1495, 'not very ~', 'amari negative ~', '2017-01-14 18:29:39'),
(1496, 'like', 'suki', '2017-01-14 18:29:39'),
(1497, 'hate', 'kirai', '2017-01-14 18:29:39'),
(1498, 'exist (living things)', 'imasu', '2017-01-14 18:29:39'),
(1499, 'exist (NON living things)', 'arimasu', '2017-01-14 18:29:39'),
(1500, 'top', 'ue', '2017-01-14 18:29:39'),
(1501, 'bottom', 'shita', '2017-01-14 18:29:39'),
(1502, 'behind', 'ushiro', '2017-01-14 18:29:39'),
(1503, 'left', 'hidari', '2017-01-14 18:29:39'),
(1504, 'right', 'migi', '2017-01-14 18:29:39'),
(1505, 'outside', 'soto', '2017-01-14 18:29:39'),
(1506, 'between', 'aida', '2017-01-14 18:29:39'),
(1507, 'near (noun)', 'chikaku', '2017-01-14 18:29:39'),
(1508, 'one', 'hitotsu', '2017-01-14 18:29:39'),
(1509, 'two', 'futatsu', '2017-01-14 18:29:39'),
(1510, 'three', 'mittsu', '2017-01-14 18:29:39'),
(1511, 'four', 'yottsu', '2017-01-14 18:29:39'),
(1512, 'five', 'itsutsu', '2017-01-14 18:29:39'),
(1513, 'six', 'muttsu', '2017-01-14 18:29:39'),
(1514, 'seven', 'nanatsu', '2017-01-14 18:29:39'),
(1515, 'eight', 'yattsu', '2017-01-14 18:29:39'),
(1516, 'nine', 'kokonotsu', '2017-01-14 18:29:39'),
(1517, 'ten', 'to (count)', '2017-01-14 18:29:39'),
(1518, 'how many', 'ikutsu', '2017-01-14 18:29:39'),
(1519, 'two person', 'futari', '2017-01-14 18:29:39'),
(1520, 'fast', 'hayai', '2017-01-14 18:29:39'),
(1521, 'many, a lot', 'ooi', '2017-01-14 18:29:39'),
(1522, 'sweet', 'amai', '2017-01-14 18:29:39'),
(1523, 'enjoyable', 'tanoshii', '2017-01-14 18:29:39'),
(1524, 'want (something)', 'hoshii', '2017-01-14 18:29:39'),
(1525, 'always', 'itsumo', '2017-01-14 18:29:39'),
(1526, 'something', 'nanika', '2017-01-14 18:29:39'),
(1527, 'slowly', 'yukkuri', '2017-01-14 18:29:39'),
(1528, 'fast, early', 'hayaku', '2017-01-14 18:29:39'),
(1529, 'immediately', 'sugu', '2017-01-14 18:29:39'),
(1530, 'be holding, have', 'motte imasu', '2017-01-14 18:29:39'),
(1531, 'long', 'nagai', '2017-01-14 18:29:39'),
(1532, 'short', 'mijikai', '2017-01-14 18:29:39'),
(1533, 'heavy, thought', 'omoi', '2017-01-14 18:29:39'),
(1534, 'think', 'omoimasu', '2017-01-14 18:29:39'),
(1535, 'wide, huge space', 'hiroi', '2017-01-14 18:29:39'),
(1536, 'narrow, closed space', 'semai', '2017-01-14 18:29:39'),
(1537, 'dark', 'kurai', '2017-01-14 18:29:39'),
(1538, 'to forget', 'wasuremasu', '2017-01-14 18:29:39'),
(1539, 'dangerous', 'abunai', '2017-01-14 18:29:39'),
(1540, 'therefore, so', 'desukara', '2017-01-14 18:29:39'),
(1541, 'same', 'onaji', '2017-01-14 18:29:39'),
(1542, 'question', 'shitsumon', '2017-01-14 18:29:39'),
(1543, 'probably', 'tabun', '2017-01-14 18:29:39'),
(1544, 'about ~', '~ ni tsuite', '2017-01-14 18:29:39'),
(1545, 'another', 'hokano', '2017-01-14 18:29:39'),
(1546, 'promise', 'yakusoku', '2017-01-14 18:29:39'),
(1547, 'meaning', 'imi', '2017-01-14 18:29:39'),
(1548, 'fine, alright, no thanks', 'kekko', '2017-01-14 18:29:39'),
(1549, 'washroom', 'otearai', '2017-01-14 18:29:39'),
(1550, 'want to ~', '~ tai', '2017-01-14 18:29:39'),
(1551, 'meet, to rub together', 'aimasu', '2017-01-14 18:29:39'),
(1552, 'submit to take out (e.g. money)', 'dashimasu', '2017-01-14 18:29:39'),
(1553, 'buy', 'kaimasu', '2017-01-14 18:29:39'),
(1554, 'money', 'okane', '2017-01-14 18:29:39'),
(1555, 'call', 'yobimasu', '2017-01-14 18:29:39'),
(1556, 'metro subway', 'chikatetsu', '2017-01-14 18:29:39'),
(1557, 'train station', 'eki', '2017-01-14 18:29:39'),
(1558, 'hot', 'atsui', '2017-01-14 18:29:39'),
(1559, 'cold', 'samui', '2017-01-14 18:29:39'),
(1560, 'rain', 'ame', '2017-01-14 18:29:39'),
(1561, 'snow', 'yuki', '2017-01-14 18:29:39'),
(1562, 'fall, come down', 'furimasu', '2017-01-14 18:29:39'),
(1563, 'sick', 'byoki', '2017-01-14 18:29:39'),
(1564, 'walk', 'arukimasu', '2017-01-14 18:29:39'),
(1565, 'far, distant', 'toi', '2017-01-14 18:29:39'),
(1566, 'welcome', 'irasshaimase', '2017-01-14 18:29:39'),
(1567, 'just a moment, please', 'sho sho machi kudasai', '2017-01-14 18:29:39'),
(1568, 'drawing', 'zumen', '2017-01-14 18:29:39'),
(1569, 'supplier', 'shiiresaki', '2017-01-14 18:29:39'),
(1570, 'problem', 'mondai', '2017-01-14 18:29:39'),
(1571, 'person (polite)', 'kata', '2017-01-14 18:29:39'),
(1572, 'student', 'gakusei', '2017-01-14 18:29:39'),
(1573, 'researcher', 'kenkyusha', '2017-01-14 18:29:39'),
(1574, 'university', 'daigaku', '2017-01-14 18:29:39'),
(1575, 'hospital', 'byoin', '2017-01-14 18:29:39'),
(1576, 'how old', 'nan sai', '2017-01-14 18:29:39'),
(1577, 'how old (polite)', 'oikutsu', '2017-01-14 18:29:39'),
(1578, 'korea', 'kankoku', '2017-01-14 18:29:39'),
(1579, 'china', 'chugoku', '2017-01-14 18:29:39'),
(1580, 'germany', 'doitsu', '2017-01-14 18:29:39'),
(1581, 'father (own)', 'chichi', '2017-01-14 18:29:39'),
(1582, 'mother (own)', 'haha', '2017-01-14 18:29:39'),
(1583, 'father', 'otosan', '2017-01-14 18:29:39'),
(1584, 'mother', 'okasan', '2017-01-14 18:29:39'),
(1585, 'husband (own)', 'otto', '2017-01-14 18:29:39'),
(1586, 'wife (own)', 'tsuma', '2017-01-14 18:29:39'),
(1587, 'husband', 'goshujin', '2017-01-14 18:29:39'),
(1588, 'wife', 'okusan', '2017-01-14 18:29:39'),
(1589, 'elder brother (own)', 'ani', '2017-01-14 18:29:39'),
(1590, 'elder sister (own)', 'ane', '2017-01-14 18:29:39'),
(1591, 'elder brother', 'onisan', '2017-01-14 18:29:39'),
(1592, 'elder sister', 'onesan', '2017-01-14 18:29:39'),
(1593, 'little brother', 'ototo', '2017-01-14 18:29:39'),
(1594, 'little sister', 'imoto', '2017-01-14 18:29:39'),
(1595, 'daughter', 'musume', '2017-01-14 18:29:39'),
(1596, 'son', 'musuko', '2017-01-14 18:29:39'),
(1597, 'thanks to god', 'okagesama de', '2017-01-14 18:29:39'),
(1598, 'children', 'okosan', '2017-01-14 18:29:39'),
(1599, 'yes', 'ee', '2017-01-14 18:29:39'),
(1600, 'country', 'kuni', '2017-01-14 18:29:39'),
(1601, '1 year old', 'issai', '2017-01-14 18:29:39'),
(1602, '8 years old', 'hassai', '2017-01-14 18:29:39'),
(1603, '10 years old', 'jyusai', '2017-01-14 18:29:39'),
(1604, 'map', 'chizu', '2017-01-14 18:29:39'),
(1605, 'bicycle', 'jitensha', '2017-01-14 18:29:39'),
(1606, 'beef', 'gyuniku', '2017-01-14 18:29:39'),
(1607, 'pork', 'butaniku', '2017-01-14 18:29:39'),
(1608, 'chicken', 'toriniku', '2017-01-14 18:29:39'),
(1609, 'not yet', 'mada desu', '2017-01-14 18:29:39'),
(1610, 'blue', 'aoi', '2017-01-14 18:29:39'),
(1611, 'green', 'midori', '2017-01-14 18:29:39'),
(1612, 'yellow', 'kiiroi', '2017-01-14 18:29:39'),
(1613, 'orange', 'orenji', '2017-01-14 18:29:39'),
(1614, 'red', 'akai', '2017-01-14 18:29:39'),
(1615, 'pink', 'pinku', '2017-01-14 18:29:39'),
(1616, 'brown', 'chairoi', '2017-01-14 18:29:39'),
(1617, 'white', 'shiroi', '2017-01-14 18:29:39'),
(1618, 'black', 'kuroi', '2017-01-14 18:29:39'),
(1619, 'color', 'iro', '2017-01-14 18:29:39'),
(1620, 'Personal Computer', 'pasokon', '2017-01-14 18:29:39'),
(1621, 'Computer', 'Konpyuta', '2017-01-14 18:29:39'),
(1622, 'TV', 'terebi', '2017-01-14 18:29:39'),
(1623, 'radio', 'rajio', '2017-01-14 18:29:39'),
(1624, 'clock', 'tokei', '2017-01-14 18:29:39'),
(1625, 'bag', 'kaban', '2017-01-14 18:29:39'),
(1626, 'umbrella', 'kasa', '2017-01-14 18:29:39'),
(1627, 'ballpen', 'borupen', '2017-01-14 18:29:39'),
(1628, 'mechanical pencil', 'shapupen', '2017-01-14 18:29:39'),
(1629, 'pencil', 'enpitsu', '2017-01-14 18:29:39'),
(1630, 'card, corner', 'kado', '2017-01-14 18:29:39'),
(1631, 'business card', 'meishi', '2017-01-14 18:29:39'),
(1632, 'notebook', 'noto', '2017-01-14 18:29:39'),
(1633, 'chocolate', 'tyokoretu', '2017-01-14 18:29:39'),
(1634, 'magazine', 'zasshi', '2017-01-14 18:29:39'),
(1635, 'pocket diary', 'techou', '2017-01-14 18:29:39'),
(1636, 'italy', 'itaria', '2017-01-14 18:29:39'),
(1637, 'france', 'huransu', '2017-01-14 18:29:39'),
(1638, 'bike', 'baiku', '2017-01-14 18:29:39'),
(1639, 'specification', 'shiyosho', '2017-01-14 18:29:39'),
(1640, 'chinese', 'tyugoku', '2017-01-14 18:29:39'),
(1641, 'or', 'ka', '2017-01-14 18:29:39'),
(1642, 'assembly', 'kumitate', '2017-01-14 18:29:39'),
(1643, 'weld', 'yosetsu', '2017-01-14 18:29:39'),
(1644, 'paint', 'teso', '2017-01-14 18:29:39'),
(1645, 'press', 'puresu', '2017-01-14 18:29:39'),
(1646, 'control', 'seigyo', '2017-01-14 18:29:39'),
(1647, 'shop,plant,factory', 'kojo', '2017-01-14 18:29:39'),
(1648, 'paper', 'kami', '2017-01-14 18:29:39'),
(1649, 'glasses, spectacles', 'megane', '2017-01-14 18:29:39'),
(1650, 'japanese fan', 'sensu', '2017-01-14 18:29:39'),
(1651, 'shoes', 'kutsu', '2017-01-14 18:29:39'),
(1652, 'product', 'seihin', '2017-01-14 18:29:39'),
(1653, 'electricity', 'denki', '2017-01-14 18:29:39'),
(1654, 'milk', 'gyunyu', '2017-01-14 18:29:39'),
(1655, 'portable', 'keitai', '2017-01-14 18:29:39'),
(1656, 'mobile phone', 'keitai denwa', '2017-01-14 18:29:39'),
(1657, '~ thing', '~ hin', '2017-01-14 18:29:39'),
(1658, 'system', 'sisutemu', '2017-01-14 18:29:39'),
(1659, 'necessary', 'hitsuyou', '2017-01-14 18:29:39'),
(1660, 'help, assistance', 'osewa', '2017-01-14 18:29:39'),
(1661, 'family', 'kazoku', '2017-01-14 18:29:39'),
(1662, 'break', 'kyukei', '2017-01-14 18:29:39'),
(1663, 'parents', 'oya', '2017-01-14 18:29:39'),
(1664, 'classroom', 'kyoshitsu', '2017-01-14 18:29:39'),
(1665, 'meeting room', 'kaigishitsu', '2017-01-14 18:29:39'),
(1666, 'office', 'jimusho', '2017-01-14 18:29:39'),
(1667, 'lobby', 'robi', '2017-01-14 18:29:39'),
(1668, 'reception', 'uketsuke', '2017-01-14 18:29:39'),
(1669, 'toilet', 'toire', '2017-01-14 18:29:39'),
(1670, 'canteen', 'shokudo', '2017-01-14 18:29:39'),
(1671, 'stairs', 'kaidan', '2017-01-14 18:29:39'),
(1672, 'elevator', 'erebeta', '2017-01-14 18:29:39'),
(1673, 'building', 'tatemono', '2017-01-14 18:29:39'),
(1674, 'parking', 'chushajo', '2017-01-14 18:29:39'),
(1675, 'basement', 'chika', '2017-01-14 18:29:39'),
(1676, 'floor', 'kai', '2017-01-14 18:29:39'),
(1677, 'floor', 'gai', '2017-01-14 18:29:39'),
(1678, 'vending machine', 'jido hanbaiki', '2017-01-14 18:29:39'),
(1679, 'escalator', 'esukareta', '2017-01-14 18:29:39'),
(1680, 'tie', 'nekutai', '2017-01-14 18:29:39'),
(1681, 'wine', 'wain', '2017-01-14 18:29:39'),
(1682, 'tobacco', 'tabako', '2017-01-14 18:29:39'),
(1683, 'selling floor', 'uriba', '2017-01-14 18:29:39'),
(1684, 'show', 'misete', '2017-01-14 18:29:39'),
(1685, 'switzerland', 'suisu', '2017-01-14 18:29:39'),
(1686, 'opposite side', 'mukou', '2017-01-14 18:29:39'),
(1687, 'place of birth', 'shusshin', '2017-01-14 18:29:39'),
(1688, 'home (respect)', 'otaku', '2017-01-14 18:29:39'),
(1689, 'husband', 'shujin', '2017-01-14 18:29:39'),
(1690, 'live in ~', '~ ni sunde', '2017-01-14 18:29:39'),
(1691, 'bachelor', 'dokushin', '2017-01-14 18:29:39'),
(1692, 'housewife', 'shufu', '2017-01-14 18:29:39'),
(1693, 'hobby', 'shumi', '2017-01-14 18:29:39'),
(1694, 'flag', 'hata', '2017-01-14 18:29:39'),
(1695, 'whiskey', 'uisuki', '2017-01-14 18:29:39'),
(1696, 'beer, building', 'biru', '2017-01-14 18:29:39'),
(1697, 'yen', 'en', '2017-01-14 18:29:39'),
(1698, 'caf', 'kissaaten', '2017-01-14 18:29:39'),
(1699, 'post office', 'yubinkyoku', '2017-01-14 18:29:39'),
(1700, 'library', 'toshokan', '2017-01-14 18:29:39'),
(1701, 'museum', 'bijutsukan', '2017-01-14 18:29:39'),
(1702, 'phone no.', 'bango', '2017-01-14 18:29:39'),
(1703, 'night ; due to, caused by', 'yoru', '2017-01-14 18:29:39'),
(1704, 'Sunday', 'nichiyobi', '2017-01-14 18:29:39'),
(1705, 'Monday', 'getsuyobi', '2017-01-14 18:29:39'),
(1706, 'Tuesday', 'kayobi', '2017-01-14 18:29:39'),
(1707, 'Wednesday', 'suiyobi', '2017-01-14 18:29:39'),
(1708, 'Thursday', 'mokuyobi', '2017-01-14 18:29:39'),
(1709, 'Friday', 'kinyobi', '2017-01-14 18:29:39'),
(1710, 'Saturday', 'doyobi', '2017-01-14 18:29:39'),
(1711, 'work', 'hatarakimasu', '2017-01-14 18:29:39'),
(1712, 'start', 'hajimemasu', '2017-01-14 18:29:39'),
(1713, 'today morning', 'kesa', '2017-01-14 18:29:39'),
(1714, 'this week', 'konshu', '2017-01-14 18:29:39'),
(1715, 'airport', 'kuko', '2017-01-14 18:29:39'),
(1716, 'temple', 'otera', '2017-01-14 18:29:39'),
(1717, 'movie', 'eiga', '2017-01-14 18:29:39'),
(1718, 'movie theater', 'eiga kan', '2017-01-14 18:29:39'),
(1719, 'mall', 'moru', '2017-01-14 18:29:39'),
(1720, 'air', 'kuki', '2017-01-14 18:29:39'),
(1721, 'during', 'chu', '2017-01-14 18:29:39'),
(1722, 'by walk', 'aruite', '2017-01-14 18:29:39'),
(1723, 'boyfriend', 'kare', '2017-01-14 18:29:39'),
(1724, 'girlfriend', 'kanojyo', '2017-01-14 18:29:39'),
(1725, 'colleague', 'doryo', '2017-01-14 18:29:39'),
(1726, 'boss', 'joshi', '2017-01-14 18:29:39'),
(1727, 'practice', 'renshu', '2017-01-14 18:29:39'),
(1728, 'please take care', 'ki o tsukete kudasai', '2017-01-14 18:29:39'),
(1729, 'last night', 'sakuban', '2017-01-14 18:29:39'),
(1730, 'ship', 'fune', '2017-01-14 18:29:39'),
(1731, 'this month', 'kongetsu', '2017-01-14 18:29:39'),
(1732, 'last year', 'kyonen', '2017-01-14 18:29:39'),
(1733, 'this year', 'kotoshi', '2017-01-14 18:29:39'),
(1734, 'what date', 'nan-nichi', '2017-01-14 18:29:39'),
(1735, 'birthday', 'tanjobi', '2017-01-14 18:29:39'),
(1736, 'platform', 'bansen', '2017-01-14 18:29:39'),
(1737, '7 hrs', 'shichi ji', '2017-01-14 18:29:39'),
(1738, '4 hrs', 'yo ji', '2017-01-14 18:29:39'),
(1739, '9 hrs', 'ku ji', '2017-01-14 18:29:39'),
(1740, '1 minute', 'ippun', '2017-01-14 18:29:39'),
(1741, '3 minute', 'san pun', '2017-01-14 18:29:39'),
(1742, '6 minute', 'roppun', '2017-01-14 18:29:39'),
(1743, '8 minute', 'happun', '2017-01-14 18:29:39'),
(1744, '10 minute', 'juppun', '2017-01-14 18:29:39'),
(1745, 'april', 'shi gatsu', '2017-01-14 18:29:39'),
(1746, 'july', 'shichi gatsu', '2017-01-14 18:29:39'),
(1747, 'september', 'ku gatsu', '2017-01-14 18:29:39'),
(1748, '14 date', 'ju yokka', '2017-01-14 18:29:39'),
(1749, '24 date', 'ni ju yokka', '2017-01-14 18:29:39'),
(1750, '19 date', 'ju ku nichi', '2017-01-14 18:29:39'),
(1751, '29 date', 'ni ju ku nichi', '2017-01-14 18:29:39'),
(1752, '20 date', 'hatsuka', '2017-01-14 18:29:39'),
(1753, '1 date', 'tsuitachi', '2017-01-14 18:29:39'),
(1754, '2 date', 'futsuka', '2017-01-14 18:29:39'),
(1755, '3 date', 'mikka', '2017-01-14 18:29:39'),
(1756, '4 date', 'yokka', '2017-01-14 18:29:39'),
(1757, '5 date', 'itsuka', '2017-01-14 18:29:39'),
(1758, '6 date', 'muika', '2017-01-14 18:29:39'),
(1759, '7 date', 'nanoka', '2017-01-14 18:29:39'),
(1760, '8 date', 'yoka', '2017-01-14 18:29:39'),
(1761, '9 date', 'kokonoka', '2017-01-14 18:29:39'),
(1762, '10 date', 'toka', '2017-01-14 18:29:39'),
(1763, 'congratulations', 'omedeto', '2017-01-14 18:29:39'),
(1764, 'happy birthday', 'tanjobi omedeto', '2017-01-14 18:29:39'),
(1765, 'anniversary', 'kinenbi', '2017-01-14 18:29:39'),
(1766, 'last to last week', 'sensenshu', '2017-01-14 18:29:39'),
(1767, 'next to next week', 'saraishu', '2017-01-14 18:29:39'),
(1768, 'year', 'nen', '2017-01-14 18:29:39'),
(1769, 'last to last year', 'ototoshi', '2017-01-14 18:29:39'),
(1770, 'next to next year', 'sarainen', '2017-01-14 18:29:39'),
(1771, 'every year', 'maitoshi', '2017-01-14 18:29:39'),
(1772, 'join the company', 'nu sha shimasu', '2017-01-14 18:29:39'),
(1773, 'after, opposite of mae', 'go', '2017-01-14 18:29:39'),
(1774, 'both', 'ryoho', '2017-01-14 18:29:39'),
(1775, 'smoke', 'suimasu', '2017-01-14 18:29:39'),
(1776, 'read', 'yomimasu', '2017-01-14 18:29:39'),
(1777, 'fruit', 'kudamono', '2017-01-14 18:29:39'),
(1778, 'green tea', 'ocha', '2017-01-14 18:29:39'),
(1779, 'tea', 'kocha', '2017-01-14 18:29:39'),
(1780, 'juice', 'jyusu', '2017-01-14 18:29:39'),
(1781, 'alcohol', 'osake', '2017-01-14 18:29:39'),
(1782, 'video', 'bideo', '2017-01-14 18:29:39'),
(1783, 'letter', 'tegami', '2017-01-14 18:29:39'),
(1784, 'report', 'repoto', '2017-01-14 18:29:39'),
(1785, 'picture', 'syashin', '2017-01-14 18:29:39'),
(1786, 'store', 'mise', '2017-01-14 18:29:39'),
(1787, 'homework', 'shukudai', '2017-01-14 18:29:39'),
(1788, 'tennis', 'tenisu', '2017-01-14 18:29:39'),
(1789, 'soccer', 'sakka', '2017-01-14 18:29:39'),
(1790, 'cherry blossom', 'ohanami', '2017-01-14 18:29:39'),
(1791, 'together', 'issyoni', '2017-01-14 18:29:39'),
(1792, 'mixico', 'mekisiko', '2017-01-14 18:29:39'),
(1793, 'drink', 'nomimasu', '2017-01-14 18:29:39'),
(1794, 'apple', 'ringo', '2017-01-14 18:29:39'),
(1795, 'drinks', 'nomimono', '2017-01-14 18:29:39'),
(1796, 'foods', 'tabemono', '2017-01-14 18:29:39'),
(1797, 'sugar', 'sato', '2017-01-14 18:29:39'),
(1798, 'without sugar', 'satonashi', '2017-01-14 18:29:39'),
(1799, 'mail', 'meru', '2017-01-14 18:29:39'),
(1800, 'clothes', 'fuku', '2017-01-14 18:29:39'),
(1801, 'dining', 'shokuji shimasu', '2017-01-14 18:29:39'),
(1802, 'shopping', 'kaimono shimasu', '2017-01-14 18:29:39'),
(1803, 'sports-ing', 'undo shimasu', '2017-01-14 18:29:39'),
(1804, 'play', 'asobimasu', '2017-01-14 18:29:39'),
(1805, 'park', 'koen', '2017-01-14 18:29:39'),
(1806, 'spicy', 'karai', '2017-01-14 18:29:39'),
(1807, 'hungry', 'onaka ga sukimashita', '2017-01-14 18:29:39'),
(1808, 'tired', 'tsukaremashita', '2017-01-14 18:29:39'),
(1809, 'cooking, cuisine', 'ryori', '2017-01-14 18:29:39'),
(1810, 'how about ~', '~ wa do desu ka', '2017-01-14 18:29:39'),
(1811, '~ is inconvenient', '~ wa chotto', '2017-01-14 18:29:39'),
(1812, 'please do ~', '~ te kudasai', '2017-01-14 18:29:39'),
(1813, 'see', 'mite', '2017-01-14 18:29:39'),
(1814, 'listen', 'kiite', '2017-01-14 18:29:39'),
(1815, 'say', 'itte', '2017-01-14 18:29:39'),
(1816, 'read', 'yonde', '2017-01-14 18:29:39'),
(1817, 'write', 'kaite', '2017-01-14 18:29:39'),
(1818, 'talk', 'hanashite', '2017-01-14 18:29:39'),
(1819, 'think', 'kangaete', '2017-01-14 18:29:39'),
(1820, 'forget', 'wasurete', '2017-01-14 18:29:39'),
(1821, 'present', 'purezento', '2017-01-14 18:29:39'),
(1822, 'flower', 'hana', '2017-01-14 18:29:39'),
(1823, 'ring', 'yubiwa', '2017-01-14 18:29:39'),
(1824, 'finger', 'yubi', '2017-01-14 18:29:39'),
(1825, 'luggage', 'nimotsu', '2017-01-14 18:29:39'),
(1826, 'eraser', 'keshigomu', '2017-01-14 18:29:39'),
(1827, 'fax', 'fakkusu', '2017-01-14 18:29:39'),
(1828, 'souvenir', 'omiyage', '2017-01-14 18:29:39'),
(1829, 'teach', 'oshiemasu', '2017-01-14 18:29:39'),
(1830, 'make a phone call', 'denwa o kakemasu', '2017-01-14 18:29:39'),
(1831, 'nice', 'suteki', '2017-01-14 18:29:39'),
(1832, 'cute', 'kawai', '2017-01-14 18:29:39'),
(1833, 'sweets', 'okashi', '2017-01-14 18:29:39'),
(1834, 'sibling brother or sister', 'kyodai', '2017-01-14 18:29:39'),
(1835, 'sibling sister', 'shimai', '2017-01-14 18:29:39'),
(1836, 'hand', 'te', '2017-01-14 18:29:39'),
(1837, 'chopsticks', 'hashi', '2017-01-14 18:29:39'),
(1838, 'spoon', 'supun', '2017-01-14 18:29:39'),
(1839, 'fork', 'foku', '2017-01-14 18:29:39'),
(1840, 'knife', 'naifu', '2017-01-14 18:29:39'),
(1841, 'cello tape', 'serotepu', '2017-01-14 18:29:39'),
(1842, 'stapler', 'hocchikisu', '2017-01-14 18:29:39'),
(1843, 'scissiors', 'hasami', '2017-01-14 18:29:39'),
(1844, 'punch', 'panchi', '2017-01-14 18:29:39'),
(1845, 'document', 'shorui', '2017-01-14 18:29:39'),
(1846, 'music', 'ongaku', '2017-01-14 18:29:39'),
(1847, 'make', 'tsukurimasu', '2017-01-14 18:29:39'),
(1848, 'already, another (sth.)', 'mou', '2017-01-14 18:29:39'),
(1849, '~ months duration', '~ ka getsu', '2017-01-14 18:29:39'),
(1850, '~ weeks duration', '~ shu kan', '2017-01-14 18:29:39'),
(1851, '~ hours duration', '~ jikan', '2017-01-14 18:29:39'),
(1852, '~ days duration', '~ nichi', '2017-01-14 18:29:39'),
(1853, 'please send', 'okutte kudasai', '2017-01-14 18:29:39'),
(1854, 'other', 'hokano', '2017-01-14 18:29:39'),
(1855, 'place', 'basho', '2017-01-14 18:29:39'),
(1856, 'famous', 'yumei', '2017-01-14 18:29:39'),
(1857, 'energetic', 'genki', '2017-01-14 18:29:39'),
(1858, 'clean, beautiful', 'kirei', '2017-01-14 18:29:39'),
(1859, 'noisy, lively', 'nigiyaka', '2017-01-14 18:29:39'),
(1860, 'kind', 'shinsetsu', '2017-01-14 18:29:39'),
(1861, 'handsome', 'hansamu', '2017-01-14 18:29:39'),
(1862, 'big', 'ookii', '2017-01-14 18:29:39'),
(1863, 'height (person)', 'se ga takai', '2017-01-14 18:29:39'),
(1864, 'bad taste', 'mazui', '2017-01-14 18:29:39'),
(1865, 'boring', 'tsumaranai', '2017-01-14 18:29:39'),
(1866, 'cold (object)', 'tsumetai', '2017-01-14 18:29:39'),
(1867, 'negative of ii (good)', 'yokunai', '2017-01-14 18:29:39'),
(1868, 'OK OK (theek thaak)', 'ma ma desu', '2017-01-14 18:29:39'),
(1869, 'Lifestyle', 'seikatsu', '2017-01-14 18:29:39'),
(1870, 'town', 'machi', '2017-01-14 18:29:39'),
(1871, 'dormitory', 'ryo', '2017-01-14 18:29:39'),
(1872, 'but', 'desuga', '2017-01-14 18:29:39'),
(1873, 'how\'s life', 'seikin do desu ka', '2017-01-14 18:29:39'),
(1874, 'looking fwd. to', 'tanoshimi desu', '2017-01-14 18:29:39'),
(1875, 'review', 'fukushu', '2017-01-14 18:29:39'),
(1876, 'light', 'karui', '2017-01-14 18:29:39'),
(1877, 'scary', 'kowai', '2017-01-14 18:29:39'),
(1878, 'for example', 'tatoeba', '2017-01-14 18:29:39'),
(1879, 'about, concerning ~', '~ ni tsuite', '2017-01-14 18:29:39'),
(1880, 'complicated', 'fukuzatsu', '2017-01-14 18:29:39'),
(1881, 'mountain', 'yama', '2017-01-14 18:29:39'),
(1882, 'ocean', 'umi', '2017-01-14 18:29:39'),
(1883, 'approximately', 'daitai', '2017-01-14 18:29:39'),
(1884, 'not at all', 'zenzen', '2017-01-14 18:29:39'),
(1885, 'dog', 'inu', '2017-01-14 18:29:39'),
(1886, 'horse', 'uma', '2017-01-14 18:29:39'),
(1887, 'north', 'kita', '2017-01-14 18:29:39'),
(1888, 'south', 'minami', '2017-01-14 18:29:39'),
(1889, 'east', 'higashi', '2017-01-14 18:29:39'),
(1890, 'west', 'nishi', '2017-01-14 18:29:39'),
(1891, 'direction', 'ikikata', '2017-01-14 18:29:39'),
(1892, 'picture, painting', 'e', '2017-01-14 18:29:39'),
(1893, 'song', 'uta', '2017-01-14 18:29:39'),
(1894, 'driving', 'unten', '2017-01-14 18:29:39'),
(1895, 'good at', 'jyozu', '2017-01-14 18:29:39'),
(1896, 'bad at', 'heta', '2017-01-14 18:29:39'),
(1897, 'appointment', 'yoji', '2017-01-14 18:29:39'),
(1898, 'change (money)', 'komakai', '2017-01-14 18:29:39'),
(1899, 'business trip', 'shuccho', '2017-01-14 18:29:39'),
(1900, 'weekend', 'shumatsu', '2017-01-14 18:29:39'),
(1901, 'fast (to not eat food)', 'danjiki', '2017-01-14 18:29:39'),
(1902, 'during ~', '~ chuu', '2017-01-14 18:29:39'),
(1903, '(one\'s parents\') home', 'jikka', '2017-01-14 18:29:39'),
(1904, 'increase', 'fuemasu', '2017-01-14 18:29:39'),
(1905, 'decrease', 'herimasu', '2017-01-14 18:29:39'),
(1906, 'foreign country', 'gaikoku', '2017-01-14 18:29:39'),
(1907, 'travel', 'ryoko', '2017-01-14 18:29:39'),
(1908, 'weak', 'yowai', '2017-01-14 18:29:39'),
(1909, 'strong', 'tsuyoi', '2017-01-14 18:29:39'),
(1910, 'I\'m sorry but?', 'zannen desu ga', '2017-01-14 18:29:39'),
(1911, 'next time', 'kondo', '2017-01-14 18:29:39'),
(1912, '~ will contact', 'renraku shimasu', '2017-01-14 18:29:39'),
(1913, 'part time job', 'arubaito', '2017-01-14 18:29:39'),
(1914, 'boy', 'otoko no ko', '2017-01-14 18:29:39'),
(1915, 'girl', 'onna no ko', '2017-01-14 18:29:39'),
(1916, 'man', 'otoko no hito', '2017-01-14 18:29:39'),
(1917, 'woman', 'onna no hito', '2017-01-14 18:29:39'),
(1918, 'cat', 'neko', '2017-01-14 18:29:39'),
(1919, 'pig', 'buta', '2017-01-14 18:29:39'),
(1920, 'cow', 'ushi', '2017-01-14 18:29:39'),
(1921, 'monkey', 'saru', '2017-01-14 18:29:39'),
(1922, 'squirell', 'risu', '2017-01-14 18:29:39'),
(1923, 'bird', 'tori', '2017-01-14 18:29:39'),
(1924, 'elephant', 'zou', '2017-01-14 18:29:39'),
(1925, 'rabbit', 'usagi', '2017-01-14 18:29:39'),
(1926, 'snake', 'hebi', '2017-01-14 18:29:39'),
(1927, 'pond', 'ike', '2017-01-14 18:29:39'),
(1928, 'stand', 'noriba', '2017-01-14 18:29:39'),
(1929, '~ shop', '~ ya', '2017-01-14 18:29:39'),
(1930, 'various', 'iro iro na', '2017-01-14 18:29:39'),
(1931, 'etc.', 'nado', '2017-01-14 18:29:39'),
(1932, 'vegetable shop', 'yaoya', '2017-01-14 18:29:39'),
(1933, 'box', 'hako', '2017-01-14 18:29:39'),
(1934, 'far (noun)', 'toku', '2017-01-14 18:29:39'),
(1935, 'convenient store', 'konbini', '2017-01-14 18:29:39'),
(1936, 'automatic', 'jido', '2017-01-14 18:29:39'),
(1937, 'shelf, almirah', 'tana', '2017-01-14 18:29:39'),
(1938, 'use', 'tsukaimasu', '2017-01-14 18:29:39'),
(1939, 'at ~ side', '~ no ho', '2017-01-14 18:29:39'),
(1940, 'center', 'mannaka', '2017-01-14 18:29:39'),
(1941, 'center, core', 'chuushin', '2017-01-14 18:29:39'),
(1942, 'clock tower', 'tokeidai', '2017-01-14 18:29:39'),
(1943, 'place', 'tokoro', '2017-01-14 18:29:39'),
(1944, 'run', 'hashirimasu', '2017-01-14 18:29:39'),
(1945, '7 persons', 'shichi nin', '2017-01-14 18:29:39'),
(1946, 'order (purchase)', 'gochumon', '2017-01-14 18:29:39'),
(1947, 'recommendation', 'osusume', '2017-01-14 18:29:39'),
(1948, 'please wait', 'sho sho omachikudasi', '2017-01-14 18:29:39'),
(1949, 'bill', 'okikei', '2017-01-14 18:29:39'),
(1950, 'grandfather (own)', 'sofu', '2017-01-14 18:29:39'),
(1951, 'grandfather', 'oji-san', '2017-01-14 18:29:39'),
(1952, 'grandmother (own)', 'sobo', '2017-01-14 18:29:39'),
(1953, 'grandmother', 'oba-san', '2017-01-14 18:29:39'),
(1954, 'uncle (own)', 'oji', '2017-01-14 18:29:39'),
(1955, 'uncle', 'oji san', '2017-01-14 18:29:39'),
(1956, 'aunt (own)', 'oba', '2017-01-14 18:29:39'),
(1957, 'aunt', 'oba san', '2017-01-14 18:29:39'),
(1958, 'nephew (own)', 'oi', '2017-01-14 18:29:39'),
(1959, 'nephew', 'oigo san', '2017-01-14 18:29:39'),
(1960, 'niece (own)', 'mei', '2017-01-14 18:29:39'),
(1961, 'niece', 'mei san', '2017-01-14 18:29:39'),
(1962, 'cousins (own)', 'ikoto', '2017-01-14 18:29:39'),
(1963, 'cousins', 'ikoto no kata', '2017-01-14 18:29:39'),
(1964, 'children (own)', 'kodomo', '2017-01-14 18:29:39'),
(1965, 'extended family', 'dai kazoku', '2017-01-14 18:29:39'),
(1966, 'nuclear family', 'kaku kazoku', '2017-01-14 18:29:39'),
(1967, 'stamp', 'kitte', '2017-01-14 18:29:39'),
(1968, 'postcard', 'hagaki', '2017-01-14 18:29:39'),
(1969, 'orange (fruit)', 'mikan', '2017-01-14 18:29:39'),
(1970, 'envelope', 'futo', '2017-01-14 18:29:39'),
(1971, '1 week', 'isshu kan', '2017-01-14 18:29:39'),
(1972, '8 weeks', 'hassyu kan', '2017-01-14 18:29:39'),
(1973, '10 weeks', 'jusshu kan', '2017-01-14 18:29:39'),
(1974, '1 month', 'ikkagetsu', '2017-01-14 18:29:39'),
(1975, '6 months', 'rokkagetsu', '2017-01-14 18:29:39'),
(1976, '10 months', 'jukagetsu', '2017-01-14 18:29:39'),
(1977, '4 years', 'yonen', '2017-01-14 18:29:39'),
(1978, 'o.5 years', 'hantoshi', '2017-01-14 18:29:39'),
(1979, '1 times', 'ikkai', '2017-01-14 18:29:39'),
(1980, '6 times', 'rokkai', '2017-01-14 18:29:39'),
(1981, '10 times', 'jukkai', '2017-01-14 18:29:39'),
(1982, 'till now', 'ima made', '2017-01-14 18:29:39'),
(1983, 'either', 'dochira mo', '2017-01-14 18:29:39'),
(1984, 'more than ~', '~ ijo', '2017-01-14 18:29:39'),
(1985, 'less than ~', '~ ika', '2017-01-14 18:29:39'),
(1986, 'takes (duration)', 'kakariimasu', '2017-01-14 18:29:39'),
(1987, 'battery', 'denchi', '2017-01-14 18:29:39'),
(1988, 'switch', 'suicchi', '2017-01-14 18:29:39'),
(1989, 'refrigerator', 'reizoko', '2017-01-14 18:29:39'),
(1990, 'prefecture', 'ken', '2017-01-14 18:29:39'),
(1991, 'in the back, behind', 'oku', '2017-01-14 18:29:39'),
(1992, 'leave (day off)', 'yasumimasu', '2017-01-14 18:29:39'),
(1993, 'by air', 'kokubin', '2017-01-14 18:29:39'),
(1994, 'by ship', 'funabin', '2017-01-14 18:29:39'),
(1995, 'by all', 'zembu de', '2017-01-14 18:29:39'),
(1996, 'different', 'betsu betsu', '2017-01-14 18:29:39'),
(1997, 'parents', 'ryoshin', '2017-01-14 18:29:39'),
(1998, 'warm', 'atatakai', '2017-01-14 18:29:39'),
(1999, 'cool', 'suzushii', '2017-01-14 18:29:39'),
(2000, 'young', 'wakai', '2017-01-14 18:29:39'),
(2001, 'old person', 'toshiue', '2017-01-14 18:29:39'),
(2002, 'spring', 'haru', '2017-01-14 18:29:39'),
(2003, 'summer', 'natsu', '2017-01-14 18:29:39'),
(2004, 'autumn', 'aki', '2017-01-14 18:29:39'),
(2005, 'rainy season', 'uki', '2017-01-14 18:29:39'),
(2006, 'winter', 'fuyu', '2017-01-14 18:29:39'),
(2007, 'season', 'kisetsu', '2017-01-14 18:29:39'),
(2008, 'cloud', 'kumori', '2017-01-14 18:29:39'),
(2009, 'weather', 'tenki', '2017-01-14 18:29:39'),
(2010, 'than (comparatively)', 'yori', '2017-01-14 18:29:39'),
(2011, 'much (degree)', 'zutto', '2017-01-14 18:29:39'),
(2012, 'emphasis', 'ho-', '2017-01-14 18:29:39'),
(2013, 'popular', 'ninki', '2017-01-14 18:29:39'),
(2014, 'reason', 'riyu', '2017-01-14 18:29:39'),
(2015, 'comfortable', 'kaiteki', '2017-01-14 18:29:39'),
(2016, 'population', 'jinko', '2017-01-14 18:29:39'),
(2017, 'replace', 'kokan', '2017-01-14 18:29:39'),
(2018, 'sunny', 'hare', '2017-01-14 18:29:39'),
(2019, 'fog', 'kiri', '2017-01-14 18:29:39'),
(2020, 'pleasant weather', 'iitenki', '2017-01-14 18:29:39'),
(2021, 'festival', 'matsuri', '2017-01-14 18:29:39'),
(2022, 'count for persons', '~ nin', '2017-01-14 18:29:39'),
(2023, 'count for big items, machines', '~ dai', '2017-01-14 18:29:39'),
(2024, 'count for thin items', '~ mai', '2017-01-14 18:29:39'),
(2025, 'count for (no. of) times', '~ kai', '2017-01-14 18:29:39'),
(2026, 'count for serial nos.', '~ me', '2017-01-14 18:29:39'),
(2027, 'teacher (self)', 'kyoshi', '2017-01-14 18:29:39'),
(2028, 'seconds', 'byo', '2017-01-14 18:29:39'),
(2029, 'turn on, attach, join, glue', 'tsukemasu', '2017-01-14 18:29:39'),
(2030, 'cousin', 'itoko', '2017-01-14 18:29:39'),
(2031, 'reading', 'dokusho', '2017-01-14 18:29:39'),
(2032, 'bookworm', 'dokushoka', '2017-01-14 18:29:39'),
(2033, 'thirsty', 'nodo ga kawakimashita', '2017-01-14 18:29:39'),
(2034, 'don?t want to do', 'shitakunai', '2017-01-14 18:29:39'),
(2035, 'somewhere', 'dokoka', '2017-01-14 18:29:39'),
(2036, 'someone', 'dareka', '2017-01-14 18:29:39'),
(2037, 'swimming', 'oyogimasu', '2017-01-14 18:29:39'),
(2038, 'receive (a person)', 'mukaemasu', '2017-01-14 18:29:39'),
(2039, 'deposit, to put in', 'iremasu', '2017-01-14 18:29:39'),
(2040, 'walk', 'sanpo', '2017-01-14 18:29:39'),
(2041, 'training (give)', 'kenshu', '2017-01-14 18:29:39'),
(2042, 'reveive (a training etc), get', 'ukemasu', '2017-01-14 18:29:39'),
(2043, 'dream', 'yume', '2017-01-14 18:29:39'),
(2044, 'true, fact', 'honto', '2017-01-14 18:29:39'),
(2045, 'false, lie', 'uso', '2017-01-14 18:29:39'),
(2046, 'fishing', 'tsurimasu', '2017-01-14 18:29:39'),
(2047, 'to be delayed', 'okuremasu', '2017-01-14 18:29:39'),
(2048, 'last, latest, previous', 'saigo', '2017-01-14 18:29:39'),
(2049, 'I\'m sorry (for you..)', 'zannen desu ne', '2017-01-14 18:29:39'),
(2050, 'enter', 'hairimasu', '2017-01-14 18:29:39'),
(2051, 'exit', 'demasu', '2017-01-14 18:29:39'),
(2052, 'open', 'akemasu', '2017-01-14 18:29:39'),
(2053, 'close', 'shimemasu', '2017-01-14 18:29:39'),
(2054, 'hold', 'mochimasu', '2017-01-14 18:29:39'),
(2055, 'hurry', 'isogimasu', '2017-01-14 18:29:39'),
(2056, 'wait', 'machimasu', '2017-01-14 18:29:39'),
(2057, 'salt', 'shio', '2017-01-14 18:29:39'),
(2058, 'turn off, erase, delete', 'keshimasu', '2017-01-14 18:29:39'),
(2059, 'help', 'tetsudaimasu', '2017-01-14 18:29:39'),
(2060, 'stand', 'tachimasu', '2017-01-14 18:29:39'),
(2061, 'sit', 'suwarimasu', '2017-01-14 18:29:39'),
(2062, 'show', 'misemasu', '2017-01-14 18:29:39'),
(2063, 'live', 'sumimasu', '2017-01-14 18:29:39'),
(2064, 'reply, answer', 'henji', '2017-01-14 18:29:39'),
(2065, 'reply', 'henshi', '2017-01-14 18:29:39'),
(2066, 'answer', 'kotae', '2017-01-14 18:29:39'),
(2067, 'straight', 'massugu', '2017-01-14 18:29:39'),
(2068, 'floor', 'yuka', '2017-01-14 18:29:39'),
(2069, 'turn', 'magarimasu', '2017-01-14 18:29:39'),
(2070, 'settle, park (a vehicle etc.)', 'tomemasu', '2017-01-14 18:29:39'),
(2071, 'Happy New Year', 'Akemashite omedeto', '2017-01-14 18:29:39'),
(2072, 'wind, common cold', 'kaze', '2017-01-14 18:29:40'),
(2073, 'to catch cold', 'kaze o hikimashita', '2017-01-14 18:29:40'),
(2074, 'pain', 'itai', '2017-01-14 18:29:40'),
(2075, 'head', 'atama', '2017-01-14 18:29:40'),
(2076, 'stomach', 'onaka', '2017-01-14 18:29:40'),
(2077, 'condition, health, time, tone', 'choushi', '2017-01-14 18:29:40'),
(2078, 'non smoking area', 'kinen', '2017-01-14 18:29:40'),
(2079, 'shout', 'sakebimasu', '2017-01-14 18:29:40'),
(2080, 'loose (sth.)', 'nakushimasu', '2017-01-14 18:29:40'),
(2081, 'human body', 'karada', '2017-01-14 18:29:40'),
(2082, 'neck', 'kubi', '2017-01-14 18:29:40'),
(2083, 'know', 'shirimasu', '2017-01-14 18:29:40'),
(2084, 'memorise', 'oboemasu', '2017-01-14 18:29:40'),
(2085, 'remember, recall', 'omoidashimasu', '2017-01-14 18:29:40'),
(2086, 'degree (angle, celcius)', 'do', '2017-01-14 18:29:40'),
(2087, 'happy', 'ureshi', '2017-01-14 18:29:40'),
(2088, 'materials, data, document', 'shiryo', '2017-01-14 18:29:40'),
(2089, 'material, ingredients', 'zairyo', '2017-01-14 18:29:40'),
(2090, 'feeling lonely', 'sabishii', '2017-01-14 18:29:40'),
(2091, 'city hall', 'shiyakusho', '2017-01-14 18:29:40'),
(2092, 'river', 'kawa', '2017-01-14 18:29:40'),
(2093, 'economic', 'keizai', '2017-01-14 18:29:40'),
(2094, 'art', 'bijutsu', '2017-01-14 18:29:40'),
(2095, 'registration', 'touroku', '2017-01-14 18:29:40'),
(2096, 'around, about', 'koro', '2017-01-14 18:29:40'),
(2097, 'I\'m full', 'onaka ga ippai desu', '2017-01-14 18:29:40'),
(2098, 'let\'s do it', 'soudeshimasho', '2017-01-14 18:29:40'),
(2099, 'order, request', 'chuumon', '2017-01-14 18:29:40'),
(2100, 'set menu', 'teishoku', '2017-01-14 18:29:40'),
(2101, 'traffic light', 'shingo', '2017-01-14 18:29:40'),
(2102, 'table, diagram, chart, timetable, schedule', 'jikokuhyou', '2017-01-14 18:29:40'),
(2103, 'dentist', 'haisha', '2017-01-14 18:29:40');

--
-- Indexes for dumped tables
--

--
-- Indexes for table `products`
--
ALTER TABLE `products`
  ADD PRIMARY KEY (`id`);

--
-- Indexes for table `products_tags`
--
ALTER TABLE `products_tags`
  ADD PRIMARY KEY (`id`),
  ADD KEY `product_id` (`product_id`),
  ADD KEY `tag_id` (`tag_id`);

--
-- Indexes for table `tags`
--
ALTER TABLE `tags`
  ADD PRIMARY KEY (`id`),
  ADD UNIQUE KEY `name` (`name`);

--
-- Indexes for table `users`
--
ALTER TABLE `users`
  ADD PRIMARY KEY (`id`),
  ADD UNIQUE KEY `email` (`email`),
  ADD UNIQUE KEY `username` (`username`);

--
-- Indexes for table `vocabula`
--
ALTER TABLE `vocabula`
  ADD PRIMARY KEY (`id`),
  ADD UNIQUE KEY `english` (`english`,`japanese`);

--
-- AUTO_INCREMENT for dumped tables
--

--
-- AUTO_INCREMENT for table `products`
--
ALTER TABLE `products`
  MODIFY `id` bigint(20) UNSIGNED NOT NULL AUTO_INCREMENT, AUTO_INCREMENT=89;

--
-- AUTO_INCREMENT for table `products_tags`
--
ALTER TABLE `products_tags`
  MODIFY `id` bigint(20) UNSIGNED NOT NULL AUTO_INCREMENT, AUTO_INCREMENT=297;

--
-- AUTO_INCREMENT for table `tags`
--
ALTER TABLE `tags`
  MODIFY `id` bigint(20) UNSIGNED NOT NULL AUTO_INCREMENT, AUTO_INCREMENT=42;

--
-- AUTO_INCREMENT for table `users`
--
ALTER TABLE `users`
  MODIFY `id` bigint(20) UNSIGNED NOT NULL AUTO_INCREMENT;

--
-- AUTO_INCREMENT for table `vocabula`
--
ALTER TABLE `vocabula`
  MODIFY `id` bigint(20) UNSIGNED NOT NULL AUTO_INCREMENT, AUTO_INCREMENT=2104;

--
-- Constraints for dumped tables
--

--
-- Constraints for table `products_tags`
--
ALTER TABLE `products_tags`
  ADD CONSTRAINT `prod_tag1` FOREIGN KEY (`product_id`) REFERENCES `products` (`id`) ON DELETE CASCADE ON UPDATE CASCADE,
  ADD CONSTRAINT `prod_tag2` FOREIGN KEY (`tag_id`) REFERENCES `tags` (`id`) ON DELETE CASCADE ON UPDATE CASCADE;
COMMIT;

/*!40101 SET CHARACTER_SET_CLIENT=@OLD_CHARACTER_SET_CLIENT */;
/*!40101 SET CHARACTER_SET_RESULTS=@OLD_CHARACTER_SET_RESULTS */;
/*!40101 SET COLLATION_CONNECTION=@OLD_COLLATION_CONNECTION */;
